,Attempt ID,Q Title,Bonus?,Difficulty,Answer,Answer Match
2,3,q16 (code writing - if),False,1,"if (num > 80 && num % 2 == 0) {
     System.out.println(""yeah"");
 }
 else if (num >= 50 && num < 80 && num % 2 == 1) {
     System.out.println(""sure"") }
 else {
     System.out.println(""not sure"") }
",
7,8,q16 (code writing - if),False,1,input.nextInt(yeah=80) odd=50-80,
10,11,q16 (code writing - if),False,1,I don't know,
12,13,q16 (code writing - if),False,1,"System.out.println(81);
 int num=input.nextInt(81);
}
 }
",
15,16,q16 (code writing - if),False,1,"System.out.println(""Enter an integer:"");
 int num = input.nextInt();
   if (int num >= 80 AND int num//2 == 0){
       System.out.println(""yeah"");
 elseif (50 <= int num <= 80 AND int num//2 == 1){
     System.out.println(""sure"");
 else{
    System.out.println(""not sure"");
",
17,18,q16 (code writing - if),False,1,"System.out.println(""Enter an integer:"");
 int num = input.nextInt();
I if( num > 80 && num%2==0) {
 println(""yeah"");
 }
 elseif(50<=num<80 && num%2==1) {
 println(""sure"");
 }
 else {
 println(""not sure"");
    ",
19,20,q16 (code writing - if),False,1,don't know,
22,43,q16 (code writing - if),False,1,"System.out.println(""Enter an integer:"");
 int num = input.nextInt();
 /* TODO: write the code in the box below to complete the task as describe   * (NO NEED TO WRITE THE WHOLE main method)   */",
23,44,q16 (code writing - if),False,1,"System.out.println(""Enter an integer:"");
 int num = input.nextInt();
",
24,45,q16 (code writing - if),False,1,"System.out.println(82);
 int num=input.nextInt(80)'",
26,47,q16 (code writing - if),False,1,"System.out.println(""Enter an integer:"");
 int num = input.nextInt();
 ",
30,51,q16 (code writing - if),False,1,I don't know,
32,53,q16 (code writing - if),False,1,I don't know,
35,56,q16 (code writing - if),False,1,"System.out.println(""5"");
 int num = input.nextInt(10);
",
36,57,q16 (code writing - if),False,1,I dont know ,
37,58,q16 (code writing - if),False,1,"if int num >= 80;
    if int num/2 == 0;
 System.out.println(""yeah"") if int num >= 50 and int num <80;
     if int num/ =! 0;
 System.out.println(""sure"") ",
40,80,q16 (code writing - if),False,1,"System.out.println(""Enter an integer:"");
 int num = input.nextInt();
   if (num % 2 == 0 && num > 80) {
 System.out.println(""year"");
 }
 else if (num % 2 != 0 && num >= 50 && num < 80) {
 System.out.println(""sure"");
 }
 else {
 System.out.println(""not sure"");
 }
",
42,82,q16 (code writing - if),False,1,i dont know,
43,83,q16 (code writing - if),False,1,"System.out.println(""Enter an integer;
"");
  int num = input.nextint();
",
45,85,q16 (code writing - if),False,1,"System.out.println(""Enter an integer:"");
 int num = input.nextInt();
 /* TODO: write the code in the box below to complete the task as describe if (num%2==0|| num>80){
   Sytsem.out.println(""yeah"");
 else if(num%2!=0 || num<50){
   System.out.println(""sure"");
 else{
   System.out.println(""not sure"");
     * (NO NEED TO WRITE THE WHOLE main method)   */",
46,86,q16 (code writing - if),False,1,idk what im looking at ,
47,87,q16 (code writing - if),False,1,I don't know,
49,89,q16 (code writing - if),False,1,woot woot,
52,92,q16 (code writing - if),False,1,"int sum = a ;
 {
 if sum > 80 && sum % 2 == 0;
   system.out.print(""yeah"");
 else if 50 <= a < 80;
   system.out.print(""sure"");
 else   system.out.print(""not sure"");
 ",
55,95,q16 (code writing - if),False,1,"if < 80;
 {
 yeah else 50 - 80  sure;
  else not sure;
 ",
56,115,q16 (code writing - if),False,1,not sure,
57,116,q16 (code writing - if),False,1,"System.out.println(""Enter an integer:"");
 int num = input.nextInt();
 if {
 (i == 2 && userInput =>80) System.out.println(""yeah"");
 }
else{
 (i==3 %&& i >=50&& i <80) System.out.println(""not sure"");
 }
",
62,121,q16 (code writing - if),False,1,"System.out.println(""80:"");
 int num = input.nextInt(50);
",
64,123,q16 (code writing - if),False,1,"public class message public static void main(String[] args{
 System.out.println(""Enter an integer:"");
 int num = input.nextInt();
 if num(even>80) {
System.out.println(""yeah"") if num(odd>=50<80) System.out.println(""not sure"");
 }
 }
   ",
66,125,q16 (code writing - if),False,1,"If (""even"" + "">80"") ",
67,126,q16 (code writing - if),False,1,"if (int input >= 80 || % == 2){
   System.out.println(""yeah"") }
",
71,130,q16 (code writing - if),False,1,not sure,
72,131,q16 (code writing - if),False,1,dont know,
74,133,q16 (code writing - if),False,1,"if ((num%2 = 0) && num > 80)}
 System.out.println(""yeah"");
}
 else if ((num%2=1) && num >= 50 && num < 80){
 System.out.println(""sure"");
}
 elseSystem.out.println(""not sure"");
 ",
77,136,q16 (code writing - if),False,1,"System.out.println(""Enter an integer:"");
 int num = input.nextInt();
 /* TODO: write the code in the box below to complete the task as describe if(num%2==0 && num>= 80){
 System.out.println(""yeah"");
 }
else if(num%3==0&& num>=50&&num<80){
 System.out.println(""sure"");
}
else{
 System.out.println(""not sure"");
 }
     * (NO NEED TO WRITE THE WHOLE main method)   */",
78,137,q16 (code writing - if),False,1,"System.out.println(""Enter an integer:"");
 int num = input.nextInt();
 /* TODO: write the code in the box below to complete the task as describe   * (NO NEED TO WRITE THE WHOLE main method)   */ if(num>80,&& num%2==0) System.out.print(""Yeah"");
 else if(num>50&&<80 && num%2==1) System.out.print(""sure"");
 else System.out.print(""not sure"");
",
79,138,q16 (code writing - if),False,1,"if (num%2==0&&num>80){
 System.out.print(""yeah"");
 }
 else if (num%2!=0&&num>=80&&num<80){
 System.out.print(""sure"");
 }
 else {
 System.out.print(""not sure"");
 }
",
80,139,q16 (code writing - if),False,1,"System.out.println(""Enter an integer:"");
int num = input.nextInt();
if(num > 80 && num%2 ==0){
 System.out.prinln(""yeah"");
 else(num >=50 && 80 num%2 ==1) System.out.println(""sure);
 else System.out.println(""not sure"")    * (NO NEED TO WRITE THE WHOLE main method)  */",
81,140,q16 (code writing - if),False,1,"if (num % 2 == 0 && num > 80) {
System.out.print(""yeah"");
}
 else if (num % 2 != 0 && num >= 50 && num < 80){
System.out.print(""sure"");
}
 else {
System.out.print(""not sure"");
}
",
82,141,q16 (code writing - if),False,1,"System.out.println(""Enter an integer:"");
 int num = input.nextInt();
 /* TODO: write the code in the box below to complete the task as describe if (num%2==0 && num < 80)     System.out.println(""yeah"");
 else if (num%3==0 && num >=50 && num <80)     System.out.println(""sure"");
 else     System.out.println9""not sure"");
   * (NO NEED TO WRITE THE WHOLE main method)   */",
83,142,q16 (code writing - if),False,1,"if(num%2==0&&num>80){
 System.out.print(""yeah"");
 }
else if(num%2!=0&&(num>=50&&num<80){
 System.out.print(""sure"");
 }
else{
 System.out.print(""not sure"");
 }
",
84,143,q16 (code writing - if),False,1,"if (num % 2 == 0 && num > 80) {
 System.out.println(""yeah"");
 }
 else if (num % 2 != 0 && num >= 50 && num < 80{
 System.out.println(""sure"");
 }
 else {
 System.out.println(""not sure"");
 }
",
85,144,q16 (code writing - if),False,1,"import java.util.Scanner;
 Scanner input = new Scanner(System.in);
 System.out.println(""Enter an integer:)"" int num = input.nextInt();
 if (num % 2 == 0 && num > 80){
 System.out.println(""Yeah"");
 }
 else if (num % 2 != 0 && num >= 50 && num < 80){
 System.out.println(""Sure"");
 }
 else{
 System.out.println(""Not sure"");
 }
",
86,145,q16 (code writing - if),False,1,"if(num%2==0&&num>80){
 System.out.println(""yeah"");
 }
 else if(num%2==1&&num<=50&&num>80){
 System.out.println(""sure"");
 }
 else{
 System.out.println(""not sure);
 }
 }
",
87,146,q16 (code writing - if),False,1,"System.out.println(""Enter an integer:"");
int num = input.nextInt();
/* TODO: write the code in the box below to complete the task as describe  * (NO NEED TO WRITE THE WHOLE main method)  */ boolean cool = false;
 if (num % 2 == 0 && num > 80){
    System.out.println(""yeah"");
    cool = true;
 }
 if (num % 2 != 0 && (50 <= num < 80)){
    System.out.println(""sure"");
    cool = true;
 }
 if (cool == false){
    System.out.println(""not sure"");
 }
 ",
88,147,q16 (code writing - if),False,1,"if (num%2 == 0 && num > 80) {
   System.out.println(""yeah"");
  }
 else if (num%3 == 0 && 50 <= num < 80){
   System.out.println(""sure"");
  }
 else    System.out.println(""not sure"");
",
89,148,q16 (code writing - if),False,1,"System.out.println(""Enter an integer: "");
 int num = input.nextInt();
 userInput();
 //TODO: write the code in the box below public static String userInput (Scanner input) {
 if (input >= 80) {
 System.out.println(""yeah"");
 }
 else if (input >= 50 && input < 80) {
 System.out.println(""sure"");
 }
 else {
 System.out.println(""not sure"");
 }
 }
",
90,149,q16 (code writing - if),False,1,"if ((num % 2 == 0) && (num > 80))     System.out.println(""yeah"");
   else if ((num  % 2 != 0) && ((num >= 50) && (num < 80))){
     System.out.println(""sure"");
 else     System.out.println(""not sure"");
",
91,150,q16 (code writing - if),False,1,"if (num % 2 == 0 && num > 80) {
     System.out.println(""yeah"");
 }
 else if (num % 2 != ) && num >= 50 && num < 80) {
     System.out.println(""sure"");
 }
 else {
      System.out.println(""not sure"");
 }
   ",
92,151,q16 (code writing - if),False,1,"System.out.println(""Enter an integer:"");
 int num = input.nextInt();
 /* TODO: write the code in the box below to complete the task as describe   * (NO NEED TO WRITE THE WHOLE main method)   */ if(num%2==0 && num > 80){
     System.out.println(""yeah"");
 }
else if (num%2 !=0 && (num >= 50 && num <80){
     System.out.println(""sure"");
 }
 ",
93,152,q16 (code writing - if),False,1,"System.out.println(""Enter an integer:"");
int num = input.nextInt();
 if(num > 80 && num%2 == 0) System.out.print(""yeah"");
 else if(num >= 50 && num < 80 && num%2 == 1) System.out.print(""sure"");
 else System.out.println(""not sure"");
",
94,153,q16 (code writing - if),False,1,i dont know.,
95,154,q16 (code writing - if),False,1,"if(int.evem >80){
 System.out.println(""yeah"") }
 if else (80<int.odd>50){
 System.out.println(""sure"") }
 else{
 System.out.println(""not sure"") }
 ",
102,161,q16 (code writing - if),False,1,"if: num > 80 and num/2
          print(""yeah"") 
elif: 50 < num < 80
         print(""sure"") 
else:
       print(""not sure"") ",
104,163,q16 (code writing - if),False,1,I don't know.,
106,165,q16 (code writing - if),False,1,"not sure if input >=80:       System.out.println(""Yeah"");
 ",
107,166,q16 (code writing - if),False,1,"public static void main(number){
  if (number >= 80 && [EVEN?]) {
  System.Out.Println(""yeah"");
 }
 else if (number == 50 && < 80 && [ODD]){
  System.Out.println(""Sure"");
 }
else{
 System.Out.println(""Not sure"") }
 }
main(num);
",
109,168,q16 (code writing - if),False,1,"If (num > 80) {
 System.out.println(""yeah"");
 }
 else if (num >= 50) {
 System.out.println(""sure"");
 }
 else {
 System.out.println(""not sure"");
 }
",
113,172,q16 (code writing - if),False,1,    I do not know.,
114,193,q16 (code writing - if),False,1,"if int = even, > 80;
 print ""yeah"";
 else int=odd, 50<int<80;
 print ""sure"";
",
115,194,q16 (code writing - if),False,1,"System.out.println(""Enter an integer"");
 int num = input.nextInt();
 if (num >= 80) {
 ? ? System.out.println(""Yeah"");
 }
 else if (50 > num < 80) {
 ? ? System.out.println(""Sure"");
 }
 else {
 ? ? System.out.println(""not sure"");
 }
",
117,196,q16 (code writing - if),False,1,I do not know,
118,197,q16 (code writing - if),False,1,"System.out.println(""Enter an integer:"");
int num = input.nextInt();
if num % 2 == 0{
? ?if num >= 80? ? ? System.out.print(""yeah"");
else if? ?if num >= 50 and < 80:? ? ? System.out.print(""sure"");
? ?else? ? ? System.out.print(""not sure"");
}
",
120,199,q16 (code writing - if),False,1,"System.out.println(""Enter an integer:"");
 =sum(int>80 and even) System.out.println(""Yeah"") =sum(50_>int>80 and odd) System.out.println(""Sure"")",
122,201,q16 (code writing - if),False,1,"System.out.println(""80"") 
int num = input.nextInt( 50 and 80) 
System.out.println(not sure)",
123,202,q16 (code writing - if),False,1,"System.out.println(""Enter an integer:"") ;
",
124,203,q16 (code writing - if),False,1,"System.out.println(""Enter an integer: "");
 int num = input.nextInt();
 Scanner userInt = new Scanner();
 sureArr = [50, 80] if(num >= 80) {
 System.out.println(""Yeah"") }
 if(num =< sureArr.isOdd) {
 System.out.println(""sure"") }
 else {
 System.out.println(""not sure)}
",
126,205,q16 (code writing - if),False,1,I don't know,
127,206,q16 (code writing - if),False,1,Unsure,
128,207,q16 (code writing - if),False,1,"if input.nextInt even ? ?if input.nextInt > 80 ? ? ? 
System.out.println(""yeah"");
 if input.nextInt odd ? ?if input.nextInt >= 50 ? ? ? if input.nextInt < 80 ? ?System.out.println(""sure"");
 else ? ?
System.out.println(""not sure"");
",
131,223,q16 (code writing - if),False,1,"if (num % 2 == 0 && num > 80) {
    System.out.println(""yeah"");
 }
 else if (num % 2 == 1 && (num >= 50 && num < 80)) {
    System.out.println(""sure"");
 }
 else {
    System.out.println(""not sure"");
 }
 ",
132,224,q16 (code writing - if),False,1,"System.out.println(""Enter an integer:"");
 int num = input.nextInt();
 if (int > 80);
 }
   System.out.println(""yeah"");
   }
else if(int = odd, 50 > int < 80);
 }
     System.out.println(""sure"");
   }
else   System.out.println(""not sure"");
   }
 }
",
137,229,q16 (code writing - if),False,1,i dont know,
143,235,q16 (code writing - if),False,1,i dont know,
145,249,q16 (code writing - if),False,1,String user = Yeah int num =,
149,253,q16 (code writing - if),False,1,i dont know,
151,255,q16 (code writing - if),False,1,i dont know,
152,256,q16 (code writing - if),False,1,"if num > 80 and num/2 ;
 System.out.println(""yeah"");
 else if num =< 50 and num > 80;
 Sytem.out.println(""sure);
",
153,257,q16 (code writing - if),False,1,"System.out.println(""Enter an integer",
155,259,q16 (code writing - if),False,1,"public static void main(String[] args) {
String age = JOptionPane.ShowInputDialog(""How old are you"");
int convertedAge = Intenger.parseint(age);
 if (convertedAge > 80 && convertedAge % 2 == 0){
 System.out.println(""Yeah"");
 }
 else if (convertedAge => 50 && convertedAge < 80) {
 System.out.println(""sure"");
 }
 else{
 System.out.println(""not sure"");
 }
 }
",
158,262,q16 (code writing - if),False,1,"psvm;
   Static ""yeah"" = ("" even += 80 "");
   Static ""sure"" = ("" odd = 50, 80 "");
   Static ""not sure"" = (""error"");
     System.out.println(integer)   }
 }
",
160,264,q16 (code writing - if),False,1,"Public static void main(args[] );
 {
int num = 100if num >= 80;
System.out.println(""yeah"");
if num >= 80;
System.out.println(""yeah"");
}
 ",
161,265,q16 (code writing - if),False,1,"if num > 80 and num/2;
      return (""yeah"") if num >= 50 and < 80     return(""sure"");
 ",
162,266,q16 (code writing - if),False,1,"if(num%2 ==0 && num>80){
 System.out.println(""yea"");
 }
 else if(num%2 != 0){
 if(num >=50 && num<=80){
 System.out.print(sure);
 }
   }
 else{
 System.out.print(""not sure"");
 }
",
163,267,q16 (code writing - if),False,1,I dont know how,
164,268,q16 (code writing - if),False,1,"if(num % 2 == 0 && num > 80){
      System.out.println(""yeah"");
}
else if(num % 2 == 1 %% 50 <= num < 80){
     System.out.println(""sure"");
 }
else{
     System.out.println(""not sure"");
 }
",
167,284,q16 (code writing - if),False,1,"if (num > 80) {
 System.out.println(""yeah"");
  }
  if (50 =< num < 80) {
  System.out.println(""sure"");
  }
  else {
  System.out.println(""not sure"");
  }
}
",
168,285,q16 (code writing - if),False,1,not sure,
169,286,q16 (code writing - if),False,1,"if (num % 2 == 0 num >80){
 System.out.println(""yeah"");
}
 else if (num % 2 == 1 && num >= 50 && num <80){
System.out.println(""Sure"");
}
 else {
System.out.println(""not sure"");
",
173,300,q16 (code writing - if),False,1,"if (num > 80 && num % 2 = 0) {
 ? ? System.out.println(""yeah"");
 }
 else if (num >= 50 && num < 80 && num % 2 != 0) {
 ? ? System.out.println(""sure"");
 }
 else {
 ? ? System.out.println(""not sure"");
 }
",
176,303,q16 (code writing - if),False,1,"System.out.println(""yeah"");
 int num = input.nextInt();
",
178,305,q16 (code writing - if),False,1,I really have no clue,
180,307,q16 (code writing - if),False,1,not sure,
183,310,q16 (code writing - if),False,1,"System.out.println(""Enter an integer:"");
 int num = input.nextInt();
",
184,311,q16 (code writing - if),False,1,I have no clue on where to even start for this question and i am quite embarssed,
187,314,q16 (code writing - if),False,1,"System.out.println(""Enter an integer:"");
int num = input.nextInt(88);
 System.out.println(""Enter an Integer:"");
int num = input.nextInt(53);
 System.out.println(""Enter an Integer:"");
int num = input.nextInt(20);
",
190,317,q16 (code writing - if),False,1,"if (num > 50 && num < 80 && num % 2 == 1){
? ? System.out.println(""sure"");
}
 else if (num > 80 && num % 2 == 0){
? ? System.out.println(""yeah"");
}
 else {
? ? System.out.println(""not sure"");
}
",
196,340,q16 (code writing - if),False,1,Int yeah = >=80 Int sure = 50 <>80  ,
197,341,q16 (code writing - if),False,1,"System.out.println(""Enter an integer:"");
 int num = input.nextInt();
 system.out.print(""yeah"");
 system.out.print(""sure"");
",
202,346,q16 (code writing - if),False,1,"System.out.println(""Enter an integer:"");
 int num = input.nextInt();
   if ( num < 80 ){
            System.out.println ( ""yeah"");
 }
   if (num > 50 || num < 80){
          System.out.println(""sure"");
 }
   if else {
         System.out.print(""not sure"");
 }
   ",
204,348,q16 (code writing - if),False,1,"jjj,j,",
207,351,q16 (code writing - if),False,1,i am so lost and confused,
209,353,q16 (code writing - if),False,1,"System.out.println(""Enter an integer: "");
 int num = intput.nextInt();
 if num >= 80 {
         System.out.println(""yeah"");
 else   num <= 50           rsystem.out.println(""sure"");
 ",
210,354,q16 (code writing - if),False,1,"import java.util.Scanner;
   Scanner scan = new Scanner(system.in);
 int userinput = scan.nextInt();
 if(userinput >= 80){
 if (userinput % ==0 ){
 System.out.println("" yeah"")}
 else if (userinput > 50 && userinput < 80 && userinput % 2 ){
   system.out.println("" sure"") }
else{
(system.out.println(""not sure"");
 }
",
211,355,q16 (code writing - if),False,1,"if(num>80 && num%2=0){
 System.out.print(""Yeah"") }
else if(num>=50 && num<80 && num%2=1){
 System.out.print(""Sure"") }
else{
 System.out.print(""not sure"")",
212,356,q16 (code writing - if),False,1,"if (num % 2 == 0 && num > 80) {
 System.out.println(""yeah"");
 }
 else if (num % 2 != 0 && num >= 50 && num < 80) {
 System.out.println(""sure"");
 }
 else {
 System.out.println(""not sure"");
",
213,357,q16 (code writing - if),False,1,"import java.util.Scanner;
 public class Testing {
 public static void main(String[] args) {
 Scanner input = new Scanner();
 System.out.print(""Enter an integer:"");
 int num = input.nextInt();
 if(num%2 == 0 && num>80) {
 System.out.print(""Yeah."");
 }
 else   if(num%2 != 0 && num>=50 && num<80) {
 System.out.print(""Sure."");
 }
 else {
 System.out.println(""Not sure."");
 }
 }
 }
 ",
214,358,q16 (code writing - if),False,1,"if ( num%2==0 && num>80){
   else if (num %2 !=0 && num>=50 && num <80) {
   System.out.println(""yeah"") ;
   else   System.out.println( "" not sure"");
",
215,359,q16 (code writing - if),False,1,"if (num % 2 = 0 && num > 80) {
 System.out.println(""yeah"");
 }
 else if ( num % 2 != 0 && num >= 50 && num < 80) {
 System.out.println(""sure"");
 }
 else {
 System.out.println(""not sure"");
 }
  ",
216,360,q16 (code writing - if),False,1,"Scanner input = new Scanner int num = input.nextInt();
 if ((num % 2 == 0) && (num > 80))         System.out.println(""yeah"");
 else if ((!(num % 2 == 0)) && (num >= 50) && (num < 80))         System.out.println(""sure"");
 else         System.out.println(""not sure"");
 // I probably used more parenthesis than I needed but if it works it works  ",
217,361,q16 (code writing - if),False,1,"if(num % 2 == 0 && num > 80)  
          System.out.println(""yeah"") 
else if (num % 2 != 0 && num >= 50 && num <= 80) 
        System.out.println(""sure"") 
else       System.out.println(""not sure"") ",
218,362,q16 (code writing - if),False,1,"if (num%2==0 && num>=80){
    System.out.println(""Yeah"");
 }
 else if (num%2 != 0 && 50<=num<80) {
    System.out.println(""sure"");
 }
 else {
    System.out.println(""not sure"");
 }
",
219,363,q16 (code writing - if),False,1,"if(num%2==0 && num >80){
 System.out.println(""yeah"");
}
 else if(!num%2==0 && num>50 && num<80){
 System.out.println(""sure"");
}
 else{
 System.out.print(""not sure"");
}
",
220,364,q16 (code writing - if),False,1,"if (num > 80 && num%2==0) {
       System.out.println(""yeah"");
 }
 else if (num>=50 && num<80 && num%2=!0) {
      System.out.println(""sure"");
 }
 else      System.out.println(""not sure"");
",
222,366,q16 (code writing - if),False,1,"if (num >= 80) {
      sout(""yeah"") }
 elif (num)",
226,370,q16 (code writing - if),False,1,"System.out.println(""Enter an integer:"");
 int num = input.nextInt();
 if (",
228,372,q16 (code writing - if),False,1,"Scanner s = new Scanner(System.in);
 System.println(""enter integer: "");
 int input = s.nextInt();
 if (input % 2 == 0 && input > 80) {
 System.out.println(""yeah"");
 }
 else if (input % 2 != 0 && input >= 50 && input < 80) {
 Sytem.out.println(""sure"");
 }
 else {
 System.out.println(""not sure"");
}
",
229,373,q16 (code writing - if),False,1,"if(num / 2 ==   0 && num > 80){
 System.out.println(""yeah"");
 }
 if (num / 2 == 1 && num >= 50 && num < 80){
 System.out.println(""sure"");
 }
 else   System.out.println(""not sure"");
",
230,374,q16 (code writing - if),False,1,"import java.util.Scanner 
Scanner scan = new Scanner (System.in) 
System.out.println(""Enter a number 50-100"") 
int numb = scan.nextint if(numb>=80){
 System.out.println(""yeah"") }
 if(numb>50 && numb<80){
 System.out.println(""sure"") else System.out.println(""not sure"")    ",
231,375,q16 (code writing - if),False,1,"if (num>80 && num%2 == 0){
 System.out.print(""yeah"");
 }
 else if (num>=50 && num<80 && num%2 != 0){
 System.out.print(""sure"");
 }
 else System.out.print(""not sure"");
",
232,376,q16 (code writing - if),False,1,"if (num % 2 == 0 && num > 80) {
 System.out.println("" yeah "");
 }
 if (num % 2 != 0 && num>= 50 && num <80) {
 System.out.println( "" sure "");
 }
 else {
 System.out.println("" not sure "");
 }
",
234,378,q16 (code writing - if),False,1,not sure,
235,379,q16 (code writing - if),False,1,"System.out.print.ln(""Enter an Integer:"");
 int num = input.nextInt();
 /*TODO",
236,380,q16 (code writing - if),False,1,"if num > 80 {
  System.out.println(""yeah"");
 }
 else if num%2 = 0 and num >= 50 and num < 80{
  System.out.println(""sure"");
 }
 else{
  System.out.println(""not sure"");
 }
",
237,381,q16 (code writing - if),False,1,"System.out.print(80) System.out.print(50) if a>80 (print(""yeah""))",
239,383,q16 (code writing - if),False,1,"System.out.printLn(""yeah above80"");
",
242,386,q16 (code writing - if),False,1,"println ((""yeah"" > 80));
",
243,387,q16 (code writing - if),False,1,john clark,
244,388,q16 (code writing - if),False,1,"System.out.println("" sure"");
 int num = input.nextInt(63);
",
246,390,q16 (code writing - if),False,1,"if {
num =>80, print (""sure"");
 else{
num =<50;
 print (""not sure"") }
 }
",
249,393,q16 (code writing - if),False,1,"int num = input.nextInt(23+2);
",
256,400,q16 (code writing - if),False,1,"System.out.println(""Enter an integer:"");
 int num = input.next.in();
 if(user>=80){
 System.out.println(""yeah"");
 else if(user||50&&80){
 System.out.println(""sure"") else{
 System.out.println(""not sure"") }
 ",
257,401,q16 (code writing - if),False,1,"if((num%2==0)&&(num>80)){
  System.out.println(""yeah"");
 }
 else if((num%2!=0)&&((num>=50)&&(num<80))){
  System.out.println(""sure"");
 }
 else  System.out.println(""not sure"");
",
258,402,q16 (code writing - if),False,1,"System.out.println(""Enter an integer:"");
 int num = input.nextInt();
 double string even = num/%2 if(num>80 && even);
 System.out.print(""Yeah"") if(num<80 && num>50);
 System.out.print(""Sure"")  else System.out.print(""not sure"") /* TODO: write the code in the box below to comple",
259,403,q16 (code writing - if),False,1,"ystem.out.println(""Enter an integer:"");
 int num = input.nextInt();
 /* TODO: write the code in the box below to complete the task as describe   * (NO NEED TO WRITE THE WHOLE main method)   */",
261,405,q16 (code writing - if),False,1,"if ( num > 80) System.out.println(""yeah"");
 else if(num >= 50 && num < 80) System.out.println(""sure"");
 else System.out.println(""not sure"");
",
263,407,q16 (code writing - if),False,1,"public static void main (String[]args) {
 if( even && >80) {
System.out.println(""Yeah"");
 }
else if( odd && int <=50 && >=80){
System.out.println(""sure"");
 }
 else {
System.out.println(""not sure"");
 }
}
",
266,410,q16 (code writing - if),False,1,"System.out.println(""Enter an integer:"");
 int num = input.nextInt();
 if(i >= 80){
 System.out.println(""yeah"");
 else if(",
267,411,q16 (code writing - if),False,1,"System.out.println(""Enter an integer:"");
 int num = input.nextInt();
 if (num>80){
 System.out.print(""yeah"");
 }
 else(num>=50||num<80){
 System.out.print(""not sure"");
 }
",
269,413,q16 (code writing - if),False,1,"Sytem.out.println(""Enter an integer: "");
 int num = input.nextInt();
 if(num /= 1 && num >80){
 Sytem.out.println(""yeah"");
 }
 else if (!(num /= 1) && num >=50 && num < 80){
 Sytem.out.println(""sure"");
 }
 else {
 Sytem.out.println("" not sure"");
 }
",
271,415,q16 (code writing - if),False,1,"System.out.println(""Enter an integer: "");
 int num = input.nextInt();
 if(num >= 80){
 }
System.out.println(""yeah"");
 if((num >= 49 && num>=79)) System.out.println(""sure"");
 else System.out.println(""not sure"");
",
275,419,q16 (code writing - if),False,1,"System.out.println(""Enter an integer:"");
 int num = input.nextInt();
",
276,420,q16 (code writing - if),False,1,"System.out.println(""Enter an integer:"");
int num = input.nextInt();
 for( num = 0;
  num >=80;
 num++);
 if num = 80 return ""yeah"" }
else{
 if num >= 50 if num >= 80 return ""not sure"" ",
277,421,q16 (code writing - if),False,1,"System.out.println(""Enter an integer:"")",
281,425,q16 (code writing - if),False,1,"System.out.println(""Enter an integer:"");
 int num = input.nextInt();
 ",
283,427,q16 (code writing - if),False,1,"System.out.println(""Enter an integer:"");
 int num = input.nextInt();
 if int <= 80 Then System.out.println(""yeah"");
 else int num += 50 - 80  Then system.out.println(""sure"");
 else System.out.println(""not sure"");
 ",
284,428,q16 (code writing - if),False,1,"System.out.println(""80:"");
 int num = input.nextInt();
 /* TODO: write the code in the box below to complete the task as describe   * (NO NEED TO WRITE THE WHOLE main method)   */",
285,429,q16 (code writing - if),False,1,"if ( num 80 ) System.out.println ( ""sure"" );
 }
 else {
 System.out.println ( ""not sure"" );
 }
 ",
286,430,q16 (code writing - if),False,1,I don't know,
287,431,q16 (code writing - if),False,1,"int num= input.nextInt(80): system.out.println(""yeah"");
 int num= input.nextInt(50): system.out.println(""sure"");
 int num= input.nextInt(): system.out.println(""not sure"");
 ",
288,432,q16 (code writing - if),False,1,"System.out.println(""a is even and a > 80:"");
 int num = input.nextInt(""yeah"");
 System.out.println(""b is odd and 50≤b<80:"");
 int num = input.nextInt(""sure"");
 System.out.println(Otherwise ""not sure"");
",
289,433,q16 (code writing - if),False,1,if int >= 80,
290,434,q16 (code writing - if),False,1,"if ( x%2==0 && x<80): {
 system.out.println(""yeah"");
 else if ( x%2==1 && x>=50 && x<80): {
system.out.println(""sure"");
 esle: system.out.println(""not sure"");
",
291,435,q16 (code writing - if),False,1,"if(num%2==0&&num>=80){
 System.out.println(""yeah"");
 }
 else if (num%2==1&&num>=50%%num<80) {
 System.out.println(""sure"");
 }
 System.out.println(""not sure"");
 }
",
292,436,q16 (code writing - if),False,1,"if (int < 50 && <80) (System.outprintln(""Sure))'   ",
293,437,q16 (code writing - if),False,1,"System.out.println(""Enter an integer:"");
 int num = input.nextInt();
   if {
num % 2 <= 80}
 {
 system.out.println(""yeah"") }
 }
else if{
 num % 20>= 50 && num % 20 <=80}
 {
 system.out.println(""sure"") }
 }
else{
 system.out.println(""not sure"")}
",
294,438,q16 (code writing - if),False,1,"if (num > 80 && num % 2 == 0) {
       System.out.println(""yeah"");
 }
 else if (num >= 50 && num < 80 && num % 2 != 0) {
       System.out.println(""sure"") }
 else {
      System.out.println(""not sure"");
 }
",
299,443,q16 (code writing - if),False,1,"System.out.println(""Enter an integer:"");
int num = input.nextInt();
  {
 if (num % 2 == 0 && num > 80)  {
System.out,println(""yeah"");
}
 else if (num % 2 == 1 && num < 80 && num ≥ 50)  {
System.out.println(""sure"");
}
 else  [System.out.println("" not sure"");
}
 }
",
300,444,q16 (code writing - if),False,1,"if(num >= 80 ){
 System.out.println(""yeah"");
 }
 else ( num <= 80){
 System.out.println(""not sure"");
 }
 ",
301,445,q16 (code writing - if),False,1,"if ( num % 2 == 0 && > 90) {
 system.out.println(""yeah"");
 }
 else if (num % 2 != 0 && num >=5 {
 system.out.println(""sure"");
 }
 else  {
 system.out.println(""not sure"");
 }
 ",
302,446,q16 (code writing - if),False,1,"if (num % 2 == 0 && num > 80 ) {
  System.out.println(""yeah"");
    }
   else if (num % 2 ! = 0 && num >=50 && num < 80) System.out.println(""sure"");
}
  else    {
  System.out.println( ""not sure""):}
",
304,448,q16 (code writing - if),False,1,"if (num+=2) && (nums > 80) return ""yeah"";
 else if (nums+=3)&&(nums < 80 || nums >= 50) return ""sure"";
 else  return ""not sure"";
",
305,449,q16 (code writing - if),False,1,"if( num % 2 == 0 && num > 80) return ""yeah"";
 if(!num % 2==0 && num >= 50 && num < 80) return ""sure"";
 else  return false;
 ",
306,450,q16 (code writing - if),False,1,"System.out.println(""Enter an integer:"" );
 int num = input.nextInt();
 If ((num % 2 ==0) && (num > 80)) {
 System.out.println(""yeah"");
 }
 else  if ((num % 2 != 0) && (50 <= num < 80)) {
  System.out.println(""sure"");
 }
 else  return System.out.println(""not sure"");
",
309,453,q16 (code writing - if),False,1,"System.out.println(""Enter an integer: "");
 int num = input.nextInt();
 /* TODO: write the code in the box below to complete the task as describe   * (NO NEED TO WRITE THE WHOLE main method)   */ if ( num > 80){
      System.out.println(""yeah"");
 }
 if ( num > 50 && num < 80){
     System.out.println(""sure"");
 }
",
310,454,q16 (code writing - if),False,1,"System.out.println(""Enter an integer:"");
 int num = input.nextInt();
",
311,455,q16 (code writing - if),False,1,not sure,
314,458,q16 (code writing - if),False,1,"System.out.println(compete(""Enter an integer:"");
",
316,460,q16 (code writing - if),False,1,"system.out.println( ""yeah "" if is even and >80);
 system.out.println(""sure"" if number is odd and >50 or <80);
",
318,462,q16 (code writing - if),False,1,System,
319,463,q16 (code writing - if),False,1,"System.out.println(""If input:""<80);
 int num = input.nextInt();
",
320,464,q16 (code writing - if),False,1,"System.out.println(""Enter an integer:"");
 int num = input.nextInt();
 /* TODO: write the code in the box below to complete the task as describe   * (NO NEED TO WRITE THE WHOLE main method)   */",
321,465,q16 (code writing - if),False,1,no idea,
322,466,q16 (code writing - if),False,1,"if ( num > 80) {
 ] if (num (do not know how to write a formula to show an even number ",
324,468,q16 (code writing - if),False,1,"System.out.println(""Enter an integer:"");
 int num = input.nextInt();
",
325,469,q16 (code writing - if),False,1,"if(num %2==0 && num>80)   {
    System.out.println(""yeah"");
 }
  else if(50<=num && num<80 && num%2 != 0)    {
   System.out.println(""sure"");
   }
 else   {
    System.out.println(""not sure"");
  }
",
326,470,q16 (code writing - if),False,1,"if((num>=80)&&(num%2==0)){
     System.out.println(""yeah"");
      }
 if((num%2!=0)&&(num>=50 && num<80)){
// is it elif or else if???     System.out.println(""sure"");
 }
else{
     System.out.println(""not sure"");
 }
",
327,471,q16 (code writing - if),False,1,"System.out.println(""Enter an integer:"");
 int num = input.nextInt();
 if(num > 80)      System.out.println(""Yeah"");
 if (num > 50 && num <  80)       System.out.println(""not sure"");
",
328,472,q16 (code writing - if),False,1,"system.out.println(""Enter an integer:"");
 int num = input.nextInt();
 /* TODO: write the code in the box below to complete the task as describe",
329,473,q16 (code writing - if),False,1,"if (num % 2 == 0 && num > 80) {
 System.out.println(""yeah"");
 }
 else if (num % 2 != 0 && num >= 50 && num < 80) {
 System.out.println(""sure"");
 }
 else {
 System.out.println(""not sure"");
 }
 ",
330,474,q16 (code writing - if),False,1,"if (num > 80 && num % 2 == 0) {
  System.out.println(""yeah"");
 }
 else if (num >= 50 && num < 80 && num % 2 != 0) {
 System.out.println(""sure"");
 }
 else {
 System.out.println(""not sure"");
 }
 ",
332,476,q16 (code writing - if),False,1,"if (num % 2 == 0 && num > 80) {
 System.out.println(""yeah"");
 }
 else if (num % 2 != 0 && num >= 50 && num < 80) {
 System.out.println(""sure"");
 }
 else {
 System.out.println(""not sure"");
 }
 ",
334,478,q16 (code writing - if),False,1,"if (num > 80 && num % 2 == 0) {
   System.out.println(""yeah"");
 }
 else if (num >= 50 && num < 80 && num % 2 != 0) {
  System.out.println(""sure"");
 }
 else {
  System.out.println(""not sure"");
  }
",
335,479,q16 (code writing - if),False,1,"if (num % 2 == 0 && num > 80) {
  System.out.println(""yeah"");
  else if (num % 2 != 0 && num >= 50 && num <= 80) {
  System.out.println(""sure"");
 else {
 System.out.println(""not sure"");
 ",
336,480,q16 (code writing - if),False,1,"System.out.println(""Enter an integer"");
 int num = input.nextInt();
 if (num >80 && num // 2 ==0 ) {
      System.out.println(""yeah"");
 }
 else {
    System.out.println(""Not sure"");
 }
",
337,481,q16 (code writing - if),False,1,"if(num>80 && num==0){
 System.out.print(""Yeah"");
 }
 if(num>=50 && num<80 && !(num==0)){
 System.out.print(""Sure"");
 }
 else System.out.print(""Not Sure"");
",
339,483,q16 (code writing - if),False,1,"if (num % 2 == 0 && num > 80) {
 System.out.println(""yeah"");
 }
 else if (num % 2 != 0 && num >= 50 && num < 80) {
 System.out.println(""sure"");
 }
 else {
 System.out.println(""not sure"");
 }
",
341,485,q16 (code writing - if),False,1,"if (num => 80) {
 System.out.print(""yeah"");
 }
 else if ( (num % 2 != 0) && ( 50 <= num < 80) {
 System.out.print(""sure"");
 }
 else System.out.print(""not sure"");
",
342,486,q16 (code writing - if),False,1,"if (number % 2 == 0 && number > 80) {
 System.out.println(""yeah"");
   }
 else if (number % 2 != 0 && number >= 50 && number < 80) {
  System.out.println(""sure"");
 }
 else {
 System.out.println(""not sure"");
 }
 ",
343,487,q16 (code writing - if),False,1,"if( num == even || num > 80) System.out.println(""Yeah"");
 if( num == odd || num > 70) ",
344,488,q16 (code writing - if),False,1,"if(num > 80 && num%2==0) {
 System.out.print(""Yeah"");
 }
  else if(50 <= num && num < 80 && num%2 !=0) {
 System.out.print(""Sure"");
 }
  else {
 System.out.print(""Not sure"");
",
345,489,q16 (code writing - if),False,1,"if(num>80 && numm%2==0){
 System.out.println(""yeah"");
 }
else if (num%2!=0 &&num>=50 && num!=80){
 System.out.println(""sure"");
 }
else{
 System.out.println(""not sure"");
}
",
347,491,q16 (code writing - if),False,1,not sure,
348,492,q16 (code writing - if),False,1," ydouble int 50 > = print yeah double int 50> 80 sure print (""the reuest it"")",
353,497,q16 (code writing - if),False,1,"""not sure""",
355,499,q16 (code writing - if),False,1,"if (num > 80);
    System.out.println(""yeah"");
 else if (num 50>80);
     System.out.println(""sure"");
else;
     Sustem.out.println(""not sure"")",
357,501,q16 (code writing - if),False,1,"if num >= 80 {
  System.out.println(""yeah"");
 }
 else if {
 num >=50 && num < 80 {
 System.out.println(""sure"");
 }
 else {
 System.out.println(""not sure"");
 }
",
358,502,q16 (code writing - if),False,1,I dont,
359,503,q16 (code writing - if),False,1,"System.out.print (yeah);
",
362,506,q16 (code writing - if),False,1,"if num = <=80;
      System.out.print(""yeah"");
    else num = 50-80;
        System.out.print(""sure"");
",
363,507,q16 (code writing - if),False,1,"System.out.println(""80"");
 int num = input.nextInt(50-80);
    }
 }
",
364,508,q16 (code writing - if),False,1,"System.out.println(""Enter an integer:"");
 int num = input.nextInt();
 if (num/2==0 && num>80){
   println(""yeah"");
 }
 else if(num/2!=0 && 50 > num < 80){
   println(""sure"");
}
 else{
 println(""not sure"");
",
365,509,q16 (code writing - if),False,1,"System.out.println(""Enter an integer:"");
 int num = input.nextInt();
 if ( integer > 80 pirnt yeah) else if ( integer is > 50 <80 print sure) else if (integer is < 50 print not sure)     * (NO NEED TO WRITE THE WHOLE main method)     */",
366,510,q16 (code writing - if),False,1,"if (num % 2 == 0 && num > 80) {
   System.out.println(""yeah"");
}
 else if (num % 2 != 0 && num >= 50 && num < 80) {
 System.out.println(""sure"");
  }
 else {
   System.out.println(""not sure"");
 }
",
367,511,q16 (code writing - if),False,1,"if(num%2==0&&num>80){
 System.out.println(""yeah"");
 }
else if (num%2!=0){
        if (num>=50&&num<80){
           System.out.println(""sure"");
 }
 }
else {
 System.out.println(""not sure"")",
368,512,q16 (code writing - if),False,1,"import java.util.*;
 System.out.println(""Enter an integer:"");
 Scanner input=new Scanner(System.in);
int num = input.nextInt();
/* TODO: write the code in the box below to complete the task as describe  * (NO NEED TO WRITE THE WHOLE main method)  */ if(num>80&&num%2==0){
 System.out.println(""yeah"");
 }
 else if(num%2!=0){
 if(num>=50&&num<80){
 System.out.println(""sure"");
 }
 else{
 System.out.println(""not sure"");
 }
 }
",
369,513,q16 (code writing - if),False,1,"System.out.println(""Enter an integer:"");
 int num = input.nextInt();
 /* TODO: write the code in the box below to complete the task as describe   * (NO NEED TO WRITE THE WHOLE main method)   */",
370,514,q16 (code writing - if),False,1,"if(num % 2 == 0 && num > 80) {
 System.out.println(""yeah"");
 }
 else if (num % 2 == 1 && num >= 50 && num < 80) {
 System.out.println(""sure"");
 }
 else {
 System.out.println(""not sure"");
 }
",
371,515,q16 (code writing - if),False,1,"if(num > 80 && num % 2 == 0){
       System.out.print(""yeah"");
 }
  else if (num <= 80 && num >= 50 && num % 2 == !0){
         System.out.print(""sure"");
 }
 else()        System.out.print(""not sure"");
 }
",
372,516,q16 (code writing - if),False,1,"if (num > 80 && num % 2 == 0) {
    System.out.print(""yeah"");
 }
  if (num >=50 && num < 80 && num %2 ==1) {
    System.out.print(""not sure"");
",
374,518,q16 (code writing - if),False,1," if (num % 2 == 0 && num > 80) {
     System.out.print(""yeah"");
 }
   else if (num % 2 != 0 && (num >= 50 && num < 80)) {
     System.out.print(""sure"");
 }
 else {
     System.out.print(""not sure"");
 }
 ",
375,519,q16 (code writing - if),False,1,"If ( num >=80 && num % 2==0) {
 System.out.print(""Yeah"");
 }
 else if ( num >=50 && num < 80 && num%2!=0 )  {
 System.out.print(""sure"");
 }
 else {
 System.out.print (""not sure"");
 }
",
376,520,q16 (code writing - if),False,1,"import java.util,Scanner System.out.println(""Enter an integer:"");
 int num = input.nextInt();
 /* TODO: write the code in the box below to complete the task as describe if (num % 2 == 0 && num>80){
 System.out.println(""yeah"");
 }
else if(num % 2 != 0 && (num >=50 && num>80){
 System.out.println(""sure"");
 }
else{
 System.out.println(""not sure"");
 }
",
377,521,q16 (code writing - if),False,1,"if ( num % 2 == 0 && num > 80 ) {
 System.out.print(""yeah"");
 }
 else if  ( num % 2 != 0 && num >= 50 || num < 80) {
 System.out.print(""sure"") }
   else {
 System.out.print(""not sure"");
 }
",
378,522,q16 (code writing - if),False,1,"if(num<80){
 System.out.print(""yeah"");
}
 else if(50<num>80) {
 System.out.print(""sure"");
}
 else{
 System.out.print(""not sure"");
}
",
379,523,q16 (code writing - if),False,1,"if(num>80&&num%2==0){
 System.out.print(""yeah"");
 }
else if (num<=80&&num>=50&&num%2!=0) System.out.print(""sure"");
 }
else {
 System.out.print(""not sure"");
 ",
381,525,q16 (code writing - if),False,1,"if( num % 2= 0 & num > 80);
 {
  Sytem.out.println("" Yeah"");
 }
 {
else if ( num % 2 = 0 & numer >= 50 & System.out. println (""sure"");
 }
 {
 else {
  System.out.print (""not sure"");
 }
 ",
382,526,q16 (code writing - if),False,1,not sure,
383,527,q16 (code writing - if),False,1,"if input is even and >80: 
         print(""yeah"")      
else if: input is odd and (50<input<80):
           print(""sure"") 
else:
      print(""not sure"") ",
384,528,q16 (code writing - if),False,1,"public static void main(string[] args) {
     System.out.println(""Enter an integer:"");
     int num = input.nextInt();
     if (num >= 80) {
         System.out.println(""Yeah"");
     }
 else if (50 =< num =< 80) {
         System.out.println(""sure"");
         }
 else {
         System.out.println(""not sure"");
         }
     }
",
386,530,q16 (code writing - if),False,1,"system.out.println(""//"")",
388,532,q16 (code writing - if),False,1,Not sure,
392,536,q16 (code writing - if),False,1,"System.out.println(""yeah:"") ;
",
395,539,q16 (code writing - if),False,1,"int num = input.nextInt();
 if(num >= 80 && num *= 2);
 {
 system.out.println(""yeah"");
 }
 if(num >= 50 && num <= 80 && num *= 3);
 {
 system.out.println(""not sure"");
 }
",
396,540,q16 (code writing - if),False,1,"if (num % 2 == 0 && num > 80) {
    System.out.println(""yeah"");
 }
 else if   (num % 2! =0 && num >= 50 && num < 80) {
    System.out.println(""sure"");
 }
else{
    System.out.println(""not sure"");
 }
",
397,541,q16 (code writing - if),False,1,"System.out.println(""Enter an integer:"");
 int num = input.nextInt();
'   if ( num >= 80 && num==Math.evenVal){
 System.out.println(""yeah"");
 }
 }
 if else(num < 50, num > 80 && num ==Math.oddVal){
 System.out.println(""sure"");
 }
 }
 else{
 System.out.println(""notsure);
 }
        ",
398,542,q16 (code writing - if),False,1,"if (num > 80 && num % 2 == 0) {
    System.out.println(""yeah"");
 }
 else if (50 <= num < 80 && num % 2 != 0) {
    System.out.println(""sure"");
 }
 else {
    System.out.println(""not sure"");
 }
",
399,543,q16 (code writing - if),False,1,"java.util.Scanner;
 System.out.println(""Enter an integer:"");
 int num = input.nextInt();
 if (num >= 80) {
       System.out.println(""yeah"");
       }
 else if (num > 50 && num < 80) {
             System.out.println(""sure"");
       }
 else {
             System.out.println(""not sure"");
       }
 }
",
400,544,q16 (code writing - if),False,1,"    Import til scanner Public static void   System.out.println(""Enter an integer:"");
 int num = input.nextInt();
 /* TODO: write the code in the box below to complete the task as describe    *  (NO NEED TO WRITE THE WHOLE main method)    */     if {
 (user input is even and is above 80);
 System.out.println (""yeah."");
 }
   if {
   (user input is odd and is between 50 and 80 including 50 but not including 80);
 }
 System.out.println (""sure."");
 }
 else {
   System.out.println (""not sure."");
}
 }
 }
 }
   ",
401,545,q16 (code writing - if),False,1,"if ( even > 80) {
 System.out.print(""yeah"");
 }
 else (odd) {
 System.out.print(""sure"");
 }
 else {
 System.out.print(""not sure"");
 }
",
402,546,q16 (code writing - if),False,1,"int = 50;
 int 50<80;
 int num = 50;
 system.out.print(""not sure""){
 }
",
403,547,q16 (code writing - if),False,1,"if (i % 2;
 i >80){
         system.out.println(""yeah"") }
         else( i % 3;
i >=50 && i < 80 ){
                system.out.println(""sure"") }
 else {
 system.out.println(""not sure"") }
 ",
404,548,q16 (code writing - if),False,1,"System.out.println(""Enter an integer:"");
 int num = input.nextInt();
 for (num <= 80) {
       System.out.print(""yeah"");
 }
",
405,549,q16 (code writing - if),False,1,"if (i / 2, i <= 80){
 System.out.Println(""yeah"");
 }
 else if (i !/ 2, i<=50, i>80){
 System.out.Println(""sure"");
}
 else{
 System.out.Println(""not sure"");
}
",
406,550,q16 (code writing - if),False,1,"Scanner input = new input(System.in);
 System.out.println(""Enter an integer:"");
 int num = input.nextInt();
   if (num > 80 && num%2 == 0) {
      System.out.println(""yeah"");
 }
 else if (num >= 50 && num < 80 && num%2 != 0) {
      System.out.println(""sure"");
 }
 else {
      System.out.println(""not sure"");
     }
 }
",
407,551,q16 (code writing - if),False,1,"System.out.println(""Enter an interger:"");
 int num = input.nextInt();
 if(num > 80){
 System.out.println(""yeah"");
 }
else if (50<num<80){
 System.out.println(sure);
 }
else{
 System.out.println(""not sure"");
 }
 ",
408,552,q16 (code writing - if),False,1,"System.out.println(""Enter an integer:"");
 int num = input.nextInt();
   boolean odd = num % 2 != 0;
 boolean even = num % 2 == 0;
   if (even > 80) {
 if (odd >= 50 && < 80);
 System.out.println(""yeah"");
 }
 else {
 System.out.println(""not sure"");
 }
     ",
409,553,q16 (code writing - if),False,1," if(num>80) {
   System.out.println(""yeah"");
 }
 else(50<= num <80){
 System.out.println(""sure"");
 }
 else if{
 System.out.println(""not sure"");
 }
   ",
410,554,q16 (code writing - if),False,1,"if (num % 2 == 0 && num > 80) {
      System.out.println(""yeah"");
 }
 else if(num % 2 != 0 && num > 50 && num <= 80) {
      System.out.println(""sure"");
 }
 else {
      System.out.println(""not sure"");
 }
",
412,556,q16 (code writing - if),False,1,"if (num > 80 && num%2 == 0){
System.out.println(""yeah"");
}
else if (num >= 50 && num < 80){
System.out.println(""sure"");
}
else{
 System.out.println(""not sure"");
}
",
419,563,q16 (code writing - if),False,1,not sure ,
428,572,q16 (code writing - if),False,1,"if(num>80 and num%2==0){
 System.out.println(""yeah"");
 }
else if(num>=50 and num<80 and num%2==1){
 System.out.println(""sure"");
 }
else{
 System.out.println(""not sure"");
 }
",
430,574,q16 (code writing - if),False,1,dont know,
432,576,q16 (code writing - if),False,1,"System.out.println(""Enter an integer:"");
 int num = input.nextInt();
 /* TODO: write the code in the box below to complete the task as describe   * (NO NEED TO WRITE THE WHOLE main method)   */ if(num%2==0 && num>80){
 System.out.print(""yeah"");
 }
 if(num%2!=0 &&( num>=50 && num<=79)){
 System.out.print(""sure"");
 }
 }
else{
 System.out.print(""not sure"");
   }
 }
",
433,577,q16 (code writing - if),False,1,"System.out.println(""Enter an integer: "");
int num = input.nextInt();
if (num > 80 & num % 2 == 0){
System.out.println(""yeah."");
}
if (num < 80 && num > 50 && num % 2 == 1)){
System.out.println(""sure."");
}
else{
System.out.println(""not sure."");
}
",
434,578,q16 (code writing - if),False,1,"if (num % 2 == 0 && num > 80) {
      System.out.println(""yeah"");
 }
 else if (num % 2 != 0 && num >= 50 && num < 80) {
      System.out.println(""sure"");
 }
 else {
      System.out.println(""not sure"");
 }
",
435,579,q16 (code writing - if),False,1,"if(num >=80&& num/2==0){
 System.out.println(""Yeah"");
}
 else if (num >= 50 && num < 80 && num/2 != 0){
 System.out.println(""sure"");
}
 else System.out.print(""not Sure"");
 ",
436,580,q16 (code writing - if),False,1,"if(num%2==0&&num>80){
 System.out.println(""yeah"");
 }
 elseif(num%2!=0&&num>=50&&num<80){
 System.out.println(""sure"");
 }
 else{
 System.out.println(""not sure"");
 }
",
437,581,q16 (code writing - if),False,1,"System.out.println(""Enter an integer:"");
 int num = input.nextInt();
 if( num> 80 &&   ",
438,582,q16 (code writing - if),False,1,"if (num % 2 = 0 &&  num > 80) {
    System.out.println(""yeah"");
 }
 else if (num % 2 != 0 && num >= 50 && num < 80) {
    System.out.println(""sure"");
 }
 else {
    System.out.println(""not sure"");
 }
",
439,583,q16 (code writing - if),False,1,"import java.util.Scanner;
      System.out.println(""Enter an integer:"");
 scanner input = new scanner;
 int num = input.nextInt();
 if (num > 80 && num/2 == 0){
 System.out.println(""yeah"");
 }
 else if (num >50 && num < 80 && num/2 != 0){
 System.out.println(""sure"");
 }
else{
 System.out.println(""not sure"");
 }
 /* TODO: write the code in the box below to complete the task as describe     * (NO NEED TO WRITE THE WHOLE main method) */     ",
440,584,q16 (code writing - if),False,1,"System.out.println(""Enter an integer:"");
 int num = input.nextInt();
 if (num%2==0){
      if(num>80){
           System.out.println(""yeah"");
}
 }
else if (num%2!=0){
      if(num<50){
            System.out.println(""sure"");
}
      else{
           System.out.println("" not sure"");
}
                ",
441,585,q16 (code writing - if),False,1,"System.out.println(""Enter an integer:"");
 int num = input.nextInt();
 if (num >= 80){
    System.out.print(""yeah"");
 }
 else if (num >=50){
    System.out.print(""sure"");
 }
 else System.out.print(""not sure"");
",
442,586,q16 (code writing - if),False,1,"if (num % 2 == 0 && num >= 80){
 System.out.println(""Yeah"");
 }
 else if (num % 2 != 0 && num >= 50){
 System.out.println(""Sure"");
 }
 else  System.out.println(""Not sure"");
",
443,587,q16 (code writing - if),False,1,"System.out.println(""Enter an integer:"");
 int num = input.nextInt();
 /* TODO: write the code in the box below to complete the task as describe   * (NO NEED TO WRITE THE WHOLE main method)   If",
444,588,q16 (code writing - if),False,1,"import java.util.Scanner;
 public static void main(String[] args) {
 Scanner input = new Scanner(System.in);
 System.out.println(""Enter an integer: "");
 int num = input.nextInt();
 if ((num%2) == 0) && num>80) {
 System.out.print(""yeah"");
 }
 if ((num%2) != 0) && (50 >= num < 80) ) {
 System.out.print(""sure"");
 }
 else {
 System.out.print(""not sure"");
 }
 }
",
445,589,q16 (code writing - if),False,1,"if(num > 80 && num%2==0) {
 System.out.println(""yeah"");
 }
 else if (num >=50 && num <= 80 && num%2!=0) {
 System.out.println(""sure"");
 }
 else {
 System.out.println(""not sure"");
 }
 ",
446,590,q16 (code writing - if),False,1,"System.out.println(""Enter an integer:"");
 int num = input.nextInt();
",
451,595,q16 (code writing - if),False,1,"if (num > 80;
 num = even) {
      Stystem.out.println(""yeah"");
      elif (num >= 50;
 num < 80;
 num = odd) {
           Stystem.out.println(""sure"");
      }
      elif {
           System.out.println(""not sure"")      }
 }
 ",
452,596,q16 (code writing - if),False,1,nothing,
453,597,q16 (code writing - if),False,1,"System.out.println(""yeah"");
 int num = input.nextInt();
    System.out.println(""sure"");
 int num = input.nextInt();
    System.out.println(""sure"");
 int num = input.nextInt(""sure"");
      ",
454,598,q16 (code writing - if),False,1,"System.out.println(""Enter an integer:"");
 int num = input.nextInt();
 if (int <= 80);
 System.out.println(""yeah"");
 if (int >= 50);
",
455,599,q16 (code writing - if),False,1,"if num % 2 == 0 AND num > 80{
     System.out.println(""yeah"");
 }
else if num % 2 == 1 AND num >= 50 AND num >80{
     System.out.println(""sure"");
 }
else{
     System.out.println(""not sure"");
 }
",
456,600,q16 (code writing - if),False,1,"system.out.println(""enter an integer:""): int num = input.nextInt();
 {
 if     ",
459,603,q16 (code writing - if),False,1,"public status void main (int input) {
    if (input > 80 && (80 % 2 == 0)) {
       System.out.println(""yeah"")    }
 else if (input < 80 && input > 50 && (input % 2 == 1)) {
       System.out.println(""sure"")    else {
      System.out.println(""not sure"") ",
461,605,q16 (code writing - if),False,1,"System.out.println(""beats me"")",
462,606,q16 (code writing - if),False,1,"if (num % 2 == 0 && num > 80) {
    System.out.print(""yeah"");
}
 else if (num % 2 == 1 && num >= 50 && num < 80) {
     System.out.print(""sure"");
 }
 else {
     System.out.print(""not sure"");
 }
",
467,611,q16 (code writing - if),False,1,"if(num / 2 == 0 && num > 80) {
 System.out.println(""yeah"");
 }
 else if(num !/ 2 == 0 && (num >= 50 && num < 80)) {
 System.out.println(""sure"");
 }
 else {
 System.out.println(""not sure"");
 }
",
468,612,q16 (code writing - if),False,1,"if (num / 2 == 0 && num > 80){
 System.out.print(""yeah"");
 }
else if (num / 2 != 0 && num >= 50 && num < 80){
 Syste.out.print(""sure"");
 }
 else{
 System.out.print(""not sure"");
 }
",
471,615,q16 (code writing - if),False,1,"int even = (num % 2);
 if ((num > 80) && (even == 0)){
   Systyem.out.print(""yeah"");
 }
 else if ((num >= 50 && num < 80) && (even != 0)){
   System.out.print(""sure"");
 }
 else {
   System.out.print(""not sure"");
 }
",
472,616,q16 (code writing - if),False,1,"if( num% 2== 0 && num > 80) {
 system.out.println( ""yeah"");
 }
else if ( num % 2 !=0 && num >= 50 && num < 80){
 }
 else {
 system.out.println ("" not sure"");
 }
 ",
474,618,q16 (code writing - if),False,1,"if(num % 2 == 0 && num > 80){
      system.out.println(""yeah"");
 }
else if(num % 2 ==1 && num >= 50 && num < 80){
      system.out.println(""sure"");
 }
else{
      system.out.println(""not sure"");
}
",
475,619,q16 (code writing - if),False,1,"if(num>80){
 System.out.println(""yeah"");
 }
 else if(num>=50){
 System.out.println(""sure"");
 }
 else{
 System.out.println(""not sure"");
 }
",
476,620,q16 (code writing - if),False,1,"if (num % 2 == 0 && num >80) {
 System.out.println(""yeah"");
 }
 else if (num % 2 != 0 && num >= 50 && num < 80) {
 System.out.println(""sure"");
 }
 else {
 System.out.println(""not sure"");
 }
",
477,621,q16 (code writing - if),False,1,"if (((num % 2) == 0)  && (num > 80)) {
   System.out.println(""yeah"");
 }
 else if ((num % 2 != 0) && (num >= 50 && num < 80)) {
 System.out.println(""sure"");
 {
 else {
 System.out.println(""not sure"");
 )",
478,622,q16 (code writing - if),False,1,"if (num % 2 == 0 && num > 80) {
     System.out.println(""yeah"");
 }
 else if (num % 2 != 0 && num >= 50 && num < 80) {
     System.out.println(""sure"");
 }
 else {
     System.out.println(""not sure"");
 }
",
479,623,q16 (code writing - if),False,1,"if (num % 2 && num > 80){
     System.out.print(""yeah"");
 }
 else if (num !% 2 && num > 50 && num < 80){
     System.out.print(""sure"");
 }
 else {
 System.out.print(""not sure"");
",
480,624,q16 (code writing - if),False,1,"System.out.println(""88:"");
 int num = input.nextInt();
 ",
481,625,q16 (code writing - if),False,1,"int num = 70       print(""yeah"")",
483,627,q16 (code writing - if),False,1,"System.out.println(""4:"");
4 = input.nextInt();
",
488,632,q16 (code writing - if),False,1,"I do not know how to write this code.  My best guess.  
if num > 80 and num%2;
         print(""yeah"") 
if  50 =< num < 80;
         print(""not sure"")",
489,633,q16 (code writing - if),False,1,if >= 80 = yeah if <= 50 =  sure,
490,634,q16 (code writing - if),False,1,"System.out.println(""84:"") int num = input.nextInt(50);
",
493,637,q16 (code writing - if),False,1,"if(num isEven && num > 80) {
           System.out.println(""yeah"");
 if(num isOdd && num >= 50 && num < 80) {
           System.out.println(""sure"") }
else if{
            System.lout.println(""not sure"");
",
494,638,q16 (code writing - if),False,1,"String x = ""yeah"";
 String y = ""sure"";
 String z = ""not sure"";
 if(num>=80) {
 System.out.print(x);
 }
 if(num>=50 && num <80) {
 System.out.print(y);
 }
 if(num<50) {
 System.out.print(z);
 }
",
495,639,q16 (code writing - if),False,1,"System.out.println(""not sure"");
",
497,641,q16 (code writing - if),False,1,"if(num % 2 == 0 && num >= 80) {
 System.out.println(""yeah"");
 }
 else if(num >= 50 && num < 80) {
 System.out.println(""sure"");
 }
 else  {
 System.out.println(""not sure"");
 }
 ",
498,642,q16 (code writing - if),False,1,"int i;
for (i = 0;
 i< 5;
 i++) {
      System.out.println(i);
 }
 System.out.println(""!"");
",
499,643,q16 (code writing - if),False,1,"if (num %2 == 0 && num > 80) {
 System.out.println(""yeah"");
 }
 else if (num % 2 != 0 && num >= 50 && num < 80) {
 System.out.println(""sure"");
 }
 else  {
 System.out.println(""not sure"");
 }
 ",
501,645,q16 (code writing - if),False,1,"if (num > 80 && num % 2==0) {
 System.out.println(""yeah"");
 }
 else if (num >= 50 && num < 80 && num % 2 !=0) {
 System.out.println(""sure"");
 }
 else {
 System.out.println(""not sure"");
 }
",
503,24,q16 (code writing - if),False,1,"if {
 num = odd ;
 if num > 100;
  }
 System.out.println:""good"" if else  {
 num = even ;
  num  > 80;
  num =< 100;
  System.out.println: ""ok"" if else {
 System.out.println"" unsure""   ",
504,25,q16 (code writing - if),False,1,"if (num % 2 == 1 && num > 100)     System.out.println(""good"");
 else if (num % 2 == 0 && num > 80 && num <= 100)     System.out.println(""ok"");
 else      System.out.println(""unsure"");
",
505,26,q16 (code writing - if),False,1,"System.out.println(""Enter an integer:"");
 int num = input.nextInt();
 if (num > 100 && num % 2 !=0) {
 System.out.println(""good"")  }
 else if {
num >=80 && num <= 100 &&num %2==0) {
 System.out.println(""unsure"");
 }
 ",
506,27,q16 (code writing - if),False,1,"System.out.println(""Enter an integer:"");
 int num = input.nextInt();
 if (num > 100 && num !%2){
 System.out.print(""good"");
 }
 if (num < 80 &&num  >= 100 && num %2){
 System.out.print(""ok"");
 }
 ",
507,28,q16 (code writing - if),False,1,"if(int num !%=2 && int num >=80 ){
 System.out.print(""good"");
 }
 else{
 System.out.print(""ok"") }
 else{
 System.out.print(""unsure"");
 }
",
509,30,q16 (code writing - if),False,1,"if odd, >= 100{
System.out.println(""good"")  }
 if even, 80-100 (exclude 80) {
 System.out.println(""ok"")",
510,31,q16 (code writing - if),False,1,"if (num % 2 != 0 && num > 100) {
     System.out.println(""good"") {
 }
 else if (num % 2 == 0 && num >= 80 && num < 100) {
     System.out.println(""ok"");
 }
 else {
        System.out.println(""unsure"");
 }
",
511,32,q16 (code writing - if),False,1,"if (num = ""odd"" && num > 100;
) {
 System.out.println(""good"");
 {
 else if ()  if (num = ""even"" && 80<num<=100);
 {
 System.out.println(""ok"") {
 else {
 System.out.println(""unsure"")   ",
512,33,q16 (code writing - if),False,1,"Scanner input = new Scanner(System.in);
   System.out.println(""Enter an integer:"");
   int num = input.nextInt();
   if(num/2!=0&&num>100){
 System.out.print(""good"");
 }
   else if(num/2==0&&num>80&&num<=100){
 System.out.print(""ok"");
 }
else{
 System.out.print(""unsure"");
 }
   }
}
    ",
513,34,q16 (code writing - if),False,1,"if (num != 1 && i >= 100 ) {
 System.out.println (""good"");
 }
 else if (num != && 80 < num >= 100) {
 System.out.println(""ok"");
 }
 else {
 System.out.println(""unsure"");
",
514,35,q16 (code writing - if),False,1,"System.out.println(""Enter an integer:"");
  int num = input.nextInt();
 if (num % 2 =! 0) && ( num > 100) {
 System.out.println(""good"");
 }
 else if ( num % 2 == 0) && (num > 80) && (num < 100) {
 System.out.println(""ok"") }
 else {
 System.out.println (""unsure"") }
",
515,36,q16 (code writing - if),False,1,"if(num % 2 !=0 && num > 100){
 System.print.out(""good);
 }
 else if(num % 2 == 0 && num > 80 && num >= 100){
 System.print.out(""ok"");
 }
 else{
 System.print.out(""unsure"");
 }
",
516,37,q16 (code writing - if),False,1,"System.out.println(""Enter an integer:"");
 int num = input.nextInt();
   if ( num % 2 != 0 && num > 100) {
    System.out.print(""good"");
 }
 else-if (num % 2 == 0 && num <= 100 && num > 80){
   System.out.print(""ok"");
 }
  else {
  System.out.print(""unsure"");
",
517,38,q16 (code writing - if),False,1,"if (num % 2 != 0 && num > 100) {
      System.out.println(""good"");
 }
      else if (num % 2 == 0 && 80 < num <= 100){
           System.out.println (""ok"");
      }
 else {
           System.out.println(""unsure"");
      }
",
518,39,q16 (code writing - if),False,1,"if (num % 2 == 1 && num > 100) {
     System.out.println(""good"");
 }
 else if (num % 2 == 0 && (num > 80 && num <= 100)) {
     System.out.println(""ok"");
 }
 else {
     System.out.println(""unsure"");
 }
",
520,41,q16 (code writing - if),False,1,"System.out.println(""Enter an integer:"");
 int num = input.nextInt();
 public static main String [] args {
 user input = i >= 100;
 System.out.print(""good"");
 user input = y => 100;
 System.out.print(""ok"");
 }
 else {
 System.out.print(""unsure"");
",
521,42,q16 (code writing - if),False,1,"if (num % 2 != 0 && num > 100) {
 System.out.println(""good"");
 }
 else if (num % 2 == 0 && num >= 80 && num <= 100){
 system.out.println(""ok"");
 else{
 system.out.println(""unsure"");
 }
",
522,59,q16 (code writing - if),False,1,"import java.util.Scanner;
 Scanner input = New Scanner(system.In) System.out.println(""Enter an integer: "");
 int num = input.nextInt();
 int num = 0 while( num > 100 ) {
 if (num % 3 == 0) {
 System.out.println(""Good"") }
 while (num >= 80 && num <=100) {
 if (num % 2 == 0) {
 System.out.println(""ok"")   ",
524,61,q16 (code writing - if),False,1,"public classOddEvenabove100{
 public static void main(String[] args){
 System.out.println(""80"");
 int num = input.nextInt(""even"");
  }
 }
 ",
525,62,q16 (code writing - if),False,1,"if (num % 2 != 0 && num > 100) {
       System.out.println(""good"");
 }
 else if (num % 2 == 0 && num >= 80 && num <  100) {
       System.out.println(""ok"");
 }
 else {
      System.out.println(""unsure"");
 }
 ",
526,63,q16 (code writing - if),False,1,"System.out.println(""Enter an integer:"");
 int num = input.nextInt();
 for (num == 1;
 +=2 ){
    System.out.println(""good"");
   }
 for (num == 2;
 +=2){
     System.out.println(""ok"");
   }
 else{
   System.out.println(""unsure"");
   }
 }
 }
",
527,64,q16 (code writing - if),False,1,"System.out.println(""Enter an integer:"");
 int num = input.nextInt();
 if (num % 2 == 1 && num > 100) {
       System.out.println(""good"");
 }
 else if (num % 2 == 0 && num > 80 && num <= 100) {
       System.out.println(""ok"");
 }
",
528,65,q16 (code writing - if),False,1," system.out.println(""Enter an integer: "");
 int num = input.nextInt();
 if (num % 2 == 0 && num > 80 && num <= 100){
 system.out.println(""ok"");
 }
 else if (num > 100 && num % 2 == 1){
 system.out.println(""good"");
 }
",
529,66,q16 (code writing - if),False,1,"import java.util.Scanner;
 System.out.println(""Enter an integer:"");
 input Scanner = new Scanner(System.in);
 int num = input.nextInt();
      if ( input> 100)         System.out.println(""good"");
 }
     else if(    }
     else{
         System.o   ",
530,67,q16 (code writing - if),False,1,"import java.util.Scanner;
   public static void main (String [] args){
 Scanner input= new Scanner (System.in);
 System.out.println(""Please enter an int value: "");
 int num= input.nextInt();
 if (num%2 !==0 && num>100){
 System.out.println(""good"");
 }
 else if(num%2==0 && num==80 || num <=100){
 System.out.println(""ok"");
 }
 else{
 System.out.println(""Unsure "");
 }
 }
",
531,68,q16 (code writing - if),False,1,"System.out.println(""Enter an integer: );
 int n = input.nextInt();
 if(n > 100 && n / 2 != 0){
 System.out.println(""good"");
 }
 else if( 80 < n <= 100 && n / 2 == 0){
 System.out.println(""ok);
 }
 else{
 System.out.println(""unsure"");
 }
 }
",
532,69,q16 (code writing - if),False,1,"import java.util.scanner;
 public class main{
       public Static void main(String[] args){
      Scanner in = new Scanner(System.in);
       Syste,.out.println(""Enter an integer"");
      int user = in.nextInt;
       if ( user%2 != 0 && user > 100){
      System.out.println(""good"");
      }
      else if ( user % 2 == 0 && user < 101 && user > 80 ){
      System.out.println(""ok"");
      }
      else{
      System.out.println(""usure"");
      }
 }
 }
",
533,70,q16 (code writing - if),False,1,"if(num % != 2 || num > 100){
      System.out.println(""good"");
 }
 else if(num % == 2 || num >= 80 || num <= 100){
     System.out.print(""ok"");
 }
 else{
     System.out.print(""unsure"");
 }
",
534,71,q16 (code writing - if),False,1,"if (num % 3 == 1 && num > 100){
 System.out.println(""good"");
 }
 else if (num % 2 == 0 && num > 80 && num < 100){
 System.out.println(""ok"");
 }
 else{
 return ""unsure"" ",
535,72,q16 (code writing - if),False,1,"if (num > 100 && (num % 2 == 1)) {
     System.out.println(""good"");
     }
 else if (100 >= num > 80 && (num % 2 == 0)) {
     System.out.println(""ok"");
     }
 else{
     System.out.println(""unsure"");
     }
",
537,74,q16 (code writing - if),False,1,"System.out.println(""Print even numbers between 80 and 100"");
",
538,75,q16 (code writing - if),False,1,"System.out.println(""Enter an integer:"");
 int num = input.nextInt();
 if(num>100 && num%2!=0){
      System.out.println(""good"");
 }
 else if (80<num>100 && num%2==0){
      System.out.println(""ok"");
 }
 else {
     System.out.println(""unsure"");
 }
                 ",
539,76,q16 (code writing - if),False,1,"if(num > 100){
 If(num%2 != 0){
 System.out.println(""good"");
 }
 else {
 System.out.println(""unsure"");
 }
 }
 elseif(80 < num <= 100){
 if(num%2 == 0){
 System.out.println(""ok"");
 }
 else {
 System.out.println(""unsure"");
 }
 }
 else {
 System.out.println(""unsure"");
 }
",
540,77,q16 (code writing - if),False,1,"if(num > 100) {
     if(num % 2 != 0) {
         System.out.println(""Good"");
     }
 }
 if(num > 80 && num <= 100) {
    if(num % 2 == 0) {
         System.out.println(""ok"");
   }
 }
 else{
    System.out.println(""unsure"");
 }
",
541,96,q16 (code writing - if),False,1,"if (num !/ 2 && num > 100) return system.out.print(""good"");
 else if(num/2 && num <= 100 && num >= 80) return system.out.print(""ok"") return system.out.print(""unsure"")",
542,97,q16 (code writing - if),False,1,"if(num / 2 == true && num <= 100 && num > 80){
 return ""ok"" }
 else if (num / 2 != true && num > 100){
 return ""good"" }
 else {
 return ""unsure"" }
 ",
543,98,q16 (code writing - if),False,1,"System.out.println(""Enter an integer:"");
 int num = input.nextInt();
   if (num <= 80) {
       System.out.print(""unsure"");
 }
 elseif (num > 100 && num % 2 != 0){
       System.out.print(""good"");
 }
 else if ((num > 80 && num <= 100) && num % 2 == 0){
       System.out.print(""ok"");
 }
  else {
       System.out.print(""unsure"");
 }
 ",
544,99,q16 (code writing - if),False,1,"if(num/2 ! 0 && num > 100) {
 System.out.println(""good"");
 }
 else if (num /2 = 0 && num >= 80 && num <= 100){
 System.out.println(""ok"");
 }
 else{
 System.out.println(""unsure"");
 }
",
545,100,q16 (code writing - if),False,1,"if (num % 2!= 0 && num > 100) {
 System.out.print(""good"");
 }
 else if (num % 2 == 0 && num >= 80 && num < 100 {
 System.out.print(""ok"");
 }
 else {
 System.out.print(""unsure"");
 ",
547,102,q16 (code writing - if),False,1,"here you go! $1,000,000,000",
548,103,q16 (code writing - if),False,1,"System.out.println(""Enter an integer:"");
 int num = input.nextInt();
 if(num%2==0 && num>80 && num<=100){
   System.out.println(""ok"");
}
   else if(num%2!=0 && num>100){
     System.out.println(""good"");
 }
    else{
      System.out.println(""unsure"");
}
   ",
549,104,q16 (code writing - if),False,1,if(num/,
550,105,q16 (code writing - if),False,1,"System.out.println(""Enter an integer:"");
 int num = input.nextInt();
 ",
551,106,q16 (code writing - if),False,1,"if( ( (num % 2) == 1 ) && (num > 100)){
 System.out.print(""good"");
 }
 else if( (num % 2) == 0) && (num > 80) && (num < 100) ){
 System.out.print(""ok"");
 }
 else{
 System.out.print(""unsure"");
 }
",
552,107,q16 (code writing - if),False,1,"if (num % 2 == 1 && num > 100) {
 return ""good"";
 }
 else if (num % 2 == 0 && num > 80 && num < 100) {
 return ""ok"";
 }
 else {
 return ""unsure"";
",
554,109,q16 (code writing - if),False,1,return this.true,
555,110,q16 (code writing - if),False,1,"if(num >= 100){
 return ""good"";
 }
 }
 else if {
 (num > 80 && num < 100) return ""ok"";
 }
else {
 return ""unsure"";
 }
 }
",
556,111,q16 (code writing - if),False,1,"if (num%2 != 0 && num > 100){
 System.out.print(""good"");
 }
 else if(num%2 == 0 && num > 80 && num <= 100){
 System.out.print(""ok"");
 }
 else{
 System.out.print(""unsure"");
 }
",
557,112,q16 (code writing - if),False,1,"if (num % 2 != 0 && num > 100) {
 System.out.println(""good"");
 }
 else if (num % 2 == 0 && num >= 80 && num < 100) {
 System.out.println(""ok"");
 }
 else {
 System.out.println(""unsure"");
 }
 ",
559,114,q16 (code writing - if),False,1,"if(num == odd && num > 100){
 return ""good"";
 }
 if else{
 (num == even && num > 80 && num <= 100) return ""ok"";
 }
else {
 return ""unsure"";
 }
    ",
560,173,q16 (code writing - if),False,1,"System.out.println(""Enter an integer:"");
 int num = input.nextInt();
 if(num % 3 == 0) {
     if(num > 100){
        System.out.print(""good"");
   }
 }
   else If (num % 2 == 0){
          if (80 < num <= 100){
              System.out.print(""unsure"");
   }
 }
   ",
561,174,q16 (code writing - if),False,1,"if {
(num-100)%2!=0;
 System.out.println(""good"") else {
num",
562,175,q16 (code writing - if),False,1,"if(num%3==0 && num>100){
 System.out.print(""good"");
 }
 else if(num%2==0 && num>80 && num<=100){
 System.out.print(""ok"");
 }
 else{
 System.out.print(""unsure"");
 }
",
564,177,q16 (code writing - if),False,1,"System.out.println(""Enter an integer:"");
 int num = input.nextInt();
 If ( num % 3 ==0 && num > 100) {
     System.out.println(""good"");
 }
 Else If ( num % 2 == 0 && 80 < num <= 100) {
    System.out.println(""ok"");
 }
   ",
565,178,q16 (code writing - if),False,1,"System.out.println(""Enter an integer:"");
 int num = input.nextInt();
          if ( num / 2! || num > 100){
                 System.out.println(""good"")          }
          else if (num <= 100 || num > 80){
                 System.out.println(""ok"")          }
          else{
                 System.out.println(""unsure"")         }
 ",
566,179,q16 (code writing - if),False,1,"System.out.println(""Enter an integer:"");
int  num = input.nextInt();
if (num % 2 != 0 && num > 100) {
     System.out.println(""good"");
}
 else if (num % 2 == 0 && num > 80 && num <= 100) {
    System.out.println(""ok"");
}
 else {
   System.out.println(""unsure"");
      ",
567,180,q16 (code writing - if),False,1,"if (num > 100 && num % 2 != 0){
      System.out.print(""good"");
 }
 else if ( num > 80 && num <= 100 && num % 2 == 0){
      System.out.print(""ok"");
 }
 else {
     System.out.print(""unsure"");
 }
",
568,181,q16 (code writing - if),False,1,"System.out.println(""Enter an integer:"");
 int num = input.nextInt();
 /* TODO: write the code in the box below to complete the task as describe   * (NO NEED TO WRITE THE WHOLE main method)   */",
569,182,q16 (code writing - if),False,1,"if(num % 2 == 1 && num > 100){
 System.out.println(""good"");
 }
 else if(num % 2 == 0 && num <= 100 && num > 80){
 System.out.println(""ok"");
 }
 else{
 System.out.println(""unsure"");
 }
",
570,183,q16 (code writing - if),False,1,"if (num>100 && !(num%2==0){
     System.out.println(""good"")  }
 else if ((80<num&&num<=100)&&num%2==0){
     System.out.println(""ok"")  }
 else {
     System.out.println(""unsure"")  }
",
571,184,q16 (code writing - if),False,1,"if (num !%2 && num>100){
     System.out.println(""good"");
 }
else if (num%2 && num<=100 && num>80){
     System.out.println(""ok"");
 }
else{
     System.out.println(""unsure"");
 }
",
572,185,q16 (code writing - if),False,1,"if((num%2 != 0) && num > 100){
         System.out.println(""good"");
 }
 else if((num%2 == 0) && num > 80 && num <= 100){
          System.out.println(""ok"");
 }
 else{
        System.out.println(""unsure"");
 }
",
573,186,q16 (code writing - if),False,1,"if (num > 100 && num % 2 = 1) {
       System.out.print(""good"");
 }
 else if ((num > 80 && <= 100) && num % 2 = 0) {
        System.out.print(""ok"");
 }
 else {
         System.out.print(""unsure"");
 }
",
574,187,q16 (code writing - if),False,1,"System.out.println(""Enter an integer:"");
 int num = input.nextInt();
            if(num <= 100 && num % 2 != 0){
              System.out.println(""good"");
              }
            if(num <= 100 && num > 80){
             System.out.println(""ok"");
              }
else{
              System.out.println(unsure);
   ",
575,188,q16 (code writing - if),False,1,"if(num > 100 && num%2!=0) {
    System.out.print(""good"");
 }
 else if (num > 80) {
    System.out.print(""ok"");
 }
 else {
    System.out.print(""unsure"");
 }
",
576,189,q16 (code writing - if),False,1,"if(num % 2) {
     System.out.println(""Ok"");
 }
    else {
      System.out.println(""Good"");
 }
   ",
577,190,q16 (code writing - if),False,1,"System.out.println(""Enter an integer:"");
int num = input.nextInt();
   if (int i = 1;
 i < 100;
 i+3 ) {
 System.out.println(""good"");
 }
 }
 if (int i = 80;
 i <= 100;
 i+=2) {
 System.out.println(""ok"");
 }
",
578,191,q16 (code writing - if),False,1,"System.out.println(""Enter an integer:"");
 int num = input.nextInt();
 /* TODO: write the code in the box below to complete the task as describe if (num%2 == 1 && num > 100) {
     System.out.println(""good"");
 }
 else if (num%2 == 0 && (num > 80 && num <= 100)) {
     System.out.println(""ok"");
 }
 else {
 System.out.println(""unsure"");
 }
",
579,192,q16 (code writing - if),False,1,"if (num < 100 && .....){
 System.out.println(""good"");
 }
 else if (80 <= num <= 100){
 System.out.println(""ok"");
 }
 else System.out.println(""unsure"");
      ",
580,236,q16 (code writing - if),False,1,"import java.util.Scanner;
 public class posttest{
 public static void main(System[]Args ){
 Scanner input = new Scanner(System.in);
 System.out.println(""Enter an integer:"");
 int num = input.nextInt();
 if(num>100&&num%2==1){
 System.out.println(""good"");
 }
else if(num%2==0&&(num>80&&num<=100)){
 System.out.println(""ok"");
 }
else System.out.println(""unsure"");
 }
 }
",
581,237,q16 (code writing - if),False,1,"if (num % 2 == 1 && num > 100) {
       System.out.println(""good"");
 }
   else if (num % 2 == 0 && num > 80 && num <= 100) {
      System.out.println(""ok"");
 }
   else {
        System.out.println(""unsure"");
 }
 ",
582,238,q16 (code writing - if),False,1,"import java.util.Scanner;
 public static void (String[] args){
  Scanner input = new Scanner(System.in);
  System.out.println(""Enter an integer: "");
  int num = input.nextInt();
  if(num > 100){
   System.out.println(""good"");
  }
else if(num > 80 && num < 100){
   System.out.println(""ok"");
  }
else{
   System.out.println(""unsure"");
  }
 }
 ",
583,239,q16 (code writing - if),False,1,"if(num%2==1&&num>100){
      System.out.println(""good"");
 }
else if(num%2==0&&num>80&&num<=100){
      System.out.println(""ok"");
 }
else {
 System.out.println(""unsure"") }
",
584,240,q16 (code writing - if),False,1,"if( num % 2 =1 && num > 100){
 System.out.print(""Good"");
 }
 else if ( num %2 = 0 && num < 100 && num > 80){
 System.out.print(""ok"");
}
 else{
 System.out.print(""unsure"");
}
",
586,242,q16 (code writing - if),False,1,"   System.out.println(""Enter an integer:"");
 int num = input.nextInt();
 if(num%2==1 && num>100){
 System.out.println(""good"");
 }
 else if((num%2==0) && (num>80 && num<=100)){
 System.out.println(""ok"");
 }
else{
 System.out.println(""unsure"");
 }
    ",
587,243,q16 (code writing - if),False,1,"System.out.println(""Enter an integer:"");
  int num = input.nextInt();
  if (num%2!=0 && num > 100) {
  System.out.println(""good"");
  }
  if (num%2==0 && (num > 80 && num <= 100)) {
  System.out.println(""unsure"");
",
588,244,q16 (code writing - if),False,1,"if (num % 2 ==1 && num > 100){
 System.out.println(""good"");
 }
 else if (num % 2 == 0 && num >= 80 && num <100) System.out.println(""ok"");
 }
 else {
 System.out.print(""unsure"");
 }
   ",
589,245,q16 (code writing - if),False,1,"System.out.println(""Enter an integer:"");
 int num = input.nextInt();
 /* TODO: write the code in the box below to complete the task as describe   * (NO NEED TO WRITE THE WHOLE main method)   */ if(num%2 != 0 && num>100){
System.out.println(""good"");
   }
else if(num%2==0 &&   80<num<=100){
 System.out.println(""ok"");
   }
else{
 System.out.println(""unsure"");
   }
",
590,246,q16 (code writing - if),False,1,"if (num%2=1 && num>100){
    System.out.print(""good"");
}
 else if (num%2=0 && (num > 80 && num <=100)){
    System.out.print(""ok"");
}
 else {
   System.out.print(""unsure"");
}
",
593,270,q16 (code writing - if),False,1,"if (num % 2 != 0 && num > 100) {
    System.out.println(""good"");
}
 else if (num % 2 == 0 && num >= 80 && num < 100) {
    System.out.println(""ok"");
}
 else {
    System.out.println(""unsure"");
}
 ",
594,271,q16 (code writing - if),False,1,"  if (num > 100 && num %% 2 != 0) {
     system.out.println(""good"");
   }
   elseif (num <= 100 && num > 80 && num %% 2 == 0) {
     system.out.println(""ok"");
   }
 else {
     system.out.println(""unsure"");
   }
     ",
595,272,q16 (code writing - if),False,1,"if (num % 2 != 0 && num >= 100) {
   System.out.println(""good"");
}
 else if (num % 2 == 0 && num <= 100 && num > 80) {
   System.out.println(""ok"");
}
 else {
   System.out.println(""unsure"");
",
596,273,q16 (code writing - if),False,1,"if (num > 100 && num % 2 != 0) {
 System.out.println(""good"");
 }
 else if (num >= 80 && num < 100 && num % 2 == 0) {
 System.out.println(""ok"");
 }
else{
 System.out.prinln(""unsure"");
 }
",
597,274,q16 (code writing - if),False,1,"if (num % 2  != 0 && num > 100) {
  System.out.println(""good"");
}
  else if (num % 2 == 0 && num > 80 && num <= 100) {
   System.out.println(""ok"");
}
  else {
   System.out.println(""unsure"");
}
",
599,276,q16 (code writing - if),False,1,"System.out.println(""Enter an integer:"");
 int num = input.nextInt();
 if (!(num % 2 == 0) && num > 100) {
   System.out.println(""good"");
 }
 else if (num % 2 == 0) {
   if (num > 80 && num <= 100) {
     System.out.println(""ok"");
   }
 }
 else {
   System.out.println(""unsure"");
 }
",
600,277,q16 (code writing - if),False,1,"if (num % 2 != 0 && num > 100) {
   System.out.println(""good"");
 }
 else if (num % 2 == 0 && num >= 80 && num <= 100) {
   System.out.println(""ok"");
 }
 else {
   System.out.println(""unsure"");
 }
",
601,278,q16 (code writing - if),False,1,"System.out.println(""Enter an integer:"");
 int num = input.nextInt();
 if(num % 2 != 0 && num > 100){
     System.out.println(""good"");
 }
 else if(num % 2 == 0 && num >= 80 && num <= 100){
     System.out.println(""ok"");
 }
 else {
     System.out.println(""unsure"");
 }
",
602,279,q16 (code writing - if),False,1,"if (num % 2 != 0 && num > 100) {
  System.out.println(""good"");
}
 else if (num % 2 == 0 && num >= 80 && num < 100) {
  System.out.println(""ok"");
}
 else {
  System.out.println(""unsure"");
}
",
603,280,q16 (code writing - if),False,1,"if (num % 2 = 1 && num > 100) {
 System.out.println(""good"");
 }
 else if (num % 2 = 0 && num > 80 && num <= 100) {
 System.out.println(""ok"");
 }
 else {
 System.out.println(""unsure"");
 }
",
604,281,q16 (code writing - if),False,1,"if(num % 2 != 0 && num > 100) {
      System.out.println(""good"");
 }
 else if (num % 2 == 0 && num > 80 && num <= 100) {
      System.out.println(""ok"");
 }
 else {
     System.out.println(""unsure"");
 }
",
605,290,q16 (code writing - if),False,1,"if(num % 2 !=0) {
    if (num > 100) {
       System.out.print(""good');
   }
else{
       System.out.print(""unsure');
  }
 }
else{
   if (num ,= 80 && num < 100) {
      System.out.prin(""ok"");
  }
else{
       System.out.print(""unsure"");
   }
 }
",
606,291,q16 (code writing - if),False,1,"if (num % 2 != 0 && num > 100) {
 System.out.println(""good"");
 }
 else if (num % 2 == 0 && num >= 80 && num <100) {
 System.out.println(""ok"");
 }
 else {
 System.out.println(""unsure"");
 }
 ",
607,292,q16 (code writing - if),False,1,"if ( (num > 100) && (num%2 !=0) ){
          System.out.println(""good"");
 }
 else if ( (num<=100) && (num > 80) && (number%2 = 0) ){
          System.out.println(""ok"");
 }
 else {
            System.out.println(""unsure"");
 }
   ",
608,293,q16 (code writing - if),False,1,"System.out.println(""Enter an integer:"");
int num = input.nextInt();
 if (num / 2 != 0 && num > 100) {
   System.out.println(""good"");
 ) else if (num / 2 == 0 && 80 < num <= 100) {
 System.out.println(""ok"");
 ) else {
 System.out.println(""unsure"");
 }
",
609,294,q16 (code writing - if),False,1,"if(num % 2 != 0 && num > 100){
 System.out.println(""good"");
 }
else if (num % 2 ==0 && num > 80 && num <=100){
 System.out.println(""ok"");
 }
 else {
 System.out.println(""unsure"");
 }
",
610,295,q16 (code writing - if),False,1,"system.out.println(""Enter an integer: "");
 int num = input.nextInt();
 if (num % 2 != 0 && num > 100){
 System.out.println(""good"");
 }
 else if (num % 2 == 0 && num >= 80 && num < 100){
 System.out.println(""ok"");
 }
 else {
 system.out.println(""unsure "");
  }
",
611,296,q16 (code writing - if),False,1,"System.out.println(""Enter an integer:"");
 int num = input.nextInt();
 if ((num > 80)&&(num<=100)){
      num=num%2      if (num == 0)      System.out.println(""good"");
 }
 else {
 System.out.println(""unsure"");
 }
",
612,297,q16 (code writing - if),False,1,"if (number > 100 && number % 2 != 0) {
         System.out.println(""good"");
 }
 else if (number <= 100 && num > 80 && num % 2 =0) {
\ System.out.println(""ok"");
 }
 else {
     System.out.println(""unsure"");
 }
",
613,298,q16 (code writing - if),False,1,"if ( num % 2 != 0 && num > 100){
     System.out.println(""good"");
 else if ( num % 2 == 0 &&  num <= 100 && num > 80){
     System.out.println(""ok"");
 else {
     System.out.println(""unsure"");
 ",
614,299,q16 (code writing - if),False,1,"if (num%2 == 0)      system.out.println(""ok"");
 else if (num%2 == 1)      system.out.println(""good"");
 else      system.out.println(""unsure"")",
615,208,q16 (code writing - if),False,1,"if(num>=100){
 System.out.println(""good"");
 }
 else if(num%2==0 && num>=80 && num<100){
 System.out.println(""ok"");
 }
 else{
 System.out.println(""unsure"");
 }
",
616,209,q16 (code writing - if),False,1,"if ((num % 1) && (num > 100))? {
 ? ? System.out.print(""good"");
 }
 else if ((num %? 2) && (80 < num <= 100)) {
 ? ? System.out.print(""ok"");
 }
 else {
 System.out.print(""unsure"");
 }
",
617,210,q16 (code writing - if),False,1,"System.out.pritnln(""good:"");
 int num = input. next int(100)",
618,211,q16 (code writing - if),False,1,"if (num <= 80){
? ? System.out.println(""unsure"");
}
else if (num % 2 == 0 && num <= 100){
? ? System.out.println(""ok"");
}
else if (num % 2 != 0 && num > 100){
? ? System.out.println(""good"");
}
",
619,212,q16 (code writing - if),False,1,"for( int i =0) if (num%2!=0 && num >100) {
 System.out.print.ln(""good"");
 }
 Else if (num%2==0 && num > 80 && num =<100) {
 System.out.println(""ok"") }
 return (""unsure"");
 }
",
620,213,q16 (code writing - if),False,1,"int num=input.nextInt();
 if ((!num%2==0) && (num>100)) {
 System.out.println(""good"");
 }
 else if ((num%2==0)&&(num>80 && num<=100)) {
 System.out.println(""ok"");
 }
 else? {
 System.out.println(""unsure"");
 }
",
621,214,q16 (code writing - if),False,1,I don't know,
622,215,q16 (code writing - if),False,1,"System.out.println(""Enter an integer: "");
 if(num % 2 != 0 && num > 100){
 system.out.println(""good);
 }
 else if (num % 2 == 0 && num >= 80 && < 100){
 system.out.println(""ok"");
 }
 else {
 system.out.print(""unsure"");
 }
",
624,217,q16 (code writing - if),False,1,"public static void main(int input) {
 if(input > 100) {
 System.out.println(""Good"") }
 else if(input >= 80 && input <= 100) {
 System.out.print(""ok"") }
   else {
 System.out.print(""unsure"") }
 }
",
625,218,q16 (code writing - if),False,1,"if (num > 100 && num % 2 != 0) {
 System.out.println(""good"");
 }
 else if ((num > 80 && num <= 100) && num % 2 == 0) {
 System.out.println(""ok"");
 }
 else {
 System.out.println(""unsure"");
 }
",
626,219,q16 (code writing - if),False,1,"import java.util.Scanner{
System.out.println(""Enter an integer:"");
int num = input.nextInt();
 if((num % 2 == 0) && (num > 80) && (num <=100)){
? ?System.out.println(""ok"");
}
else if(num % 2 != 0){
? System.out.println(""good"");
}
else{
?System.out.println(""unsure"");
}
}
",
627,220,q16 (code writing - if),False,1,"System.out.println(""Enter an integer: "");
 int num = input.nextInt();
 if (num > 100) && (num % 2 != 0) {
 return ""good"";
 }
 else if (num > 80) && (num <= 100) {
 return ""ok"";
 }
 else {
 return ""unsure"";
 }
",
628,319,q16 (code writing - if),False,1,"System.out.println(""Enter an integer:"");
 int num = input.nextInt();
   if ((num % 2 != 0) && (num > 100)) {
 ? ? System.out.println(""good"");
 }
 else if ((num % 2 == 0) && ((num > 80) && (num < 101)) {
 ? ? System.out.println(""ok"");
 }
 else{
 ? ? System.out.println(""unsure"");
 }
",
629,320,q16 (code writing - if),False,1,unsure,
630,321,q16 (code writing - if),False,1,"if ((num>100) && (num%2>0) {
 ? ? ? ?System.out.println(""good"");
 }
 else if((num>80) && (num<100) && num%2==0)) {
 System.out.println(""ok"");
 }
 else {
 System.out.println(""unsure'');
 }
",
631,322,q16 (code writing - if),False,1,"if (num % 2 != 0 && num > 100) {
 System.out.println(""good"");
 }
 else if (num % 2 == 0 && num >= 80 && num System.out.println(""ok"");
 }
else{
 System.out.println(""unsure"");
 }
",
633,324,q16 (code writing - if),False,1,unsure,
634,325,q16 (code writing - if),False,1,"if(num% 2 != 0&& num > 100) {
 ? ? System.out.println(""good"");
 }
 else if (num % 2 == 0 && num < 100 && num >=80){
 ? ? System.out.println(""ok"");
 }
 else {
 ? ? ?System.out.println(""unsure"");
 }
",
635,326,q16 (code writing - if),False,1,"System.out.println(""Enter an integer:"");
 int num = input.nextInt();
",
637,328,q16 (code writing - if),False,1,"if (num %2 !0 && num > 100) {
 System.out.println(""good"");
 }
 else if(num %2 ==0 && num >= 80 && num < 100) {
 System.out.println(""ok"");
 }
 else{
 System.out.println(""unsure"");
 }
",
638,329,q16 (code writing - if),False,1,"if (num % 2!= 0 && num > 100){
? ? System.out.println(""good"") ? }
? else if (num % 2 == 0 && num >80 && num <100) {
 ?System.out.println(""ok"")",
639,330,q16 (code writing - if),False,1,"import java.util.Scanner;
 public static void main(String[] args) {
 if( i <=101);
 {
 System.out.println(""good"") {
 else if (80 < i > 100);
 {
 System.out.println(""ok"") {
 else System.out.println(""unsure"")   {
 Scanner sc = new Scanner(System.in);
 System.out.println(""Enter an integer: "");
 sc = nextLn();
 }
 }
 sc.close();
 }
 }
 }
 }
",
640,331,q16 (code writing - if),False,1,"if ( num % 2 != 0 && num > 100) {
 ? ? ?return ""good"";
 }
 else if ( num > 80 && num <= 100;
 {
 return ""ok"";
 }
 return ""unsure"";
",
642,333,q16 (code writing - if),False,1,"if (int num>100 %3) return good;
 else (if int num >80 || >=100 && %2) return ok;
",
643,334,q16 (code writing - if),False,1,"if(num % 2 == 1 && num > 100){
System.out.print(""good"");
 }
? else {
 if (num % 2 == 0 && num > 80 && num <= 100) {
 System.out.print(""ok"");
 }
? else {
 System.out.print(""unsure"");
 }
 }
",
644,335,q16 (code writing - if),False,1,"system.out.println(""enter an integer')",
